{"cameraMode":{"drawMode":0,"name":"Shaded","section":"Shading Mode"},"sceneLighting":true,"audioPlay":false,"sceneViewState":{"m_AlwaysRefresh":false,"showFog":true,"showSkybox":true,"showFlares":true,"showImageEffects":true,"showParticleSystems":true,"showVisualEffectGraphs":true,"m_FxEnabled":true},"in2DMode":false,"pivot":{"x":0.32773661613464358,"y":-0.014549970626831055,"z":-4.332372665405273},"rotation":{"x":-0.24843528866767884,"y":-0.4073536694049835,"z":0.1161680743098259,"w":-0.8711339235305786},"size":9.142535209655762,"orthographic":false}